Francisco 1;f1.@gmail.com;1;Niteroi1;RJ1
Francisco 2;f2.@gmail.com;2;Niteroi2;RJ2
Francisco 3;f3.@gmail.com;3;Niteroi3;RJ3
Francisco 4;f4.@gmail.com;4;Niteroi4;RJ4
Francisco 5;f5.@gmail.com;5;Niteroi5;RJ5
Francisco 6;f6.@gmail.com;6;Niteroi6;RJ6
Francisco 7;f7.@gmail.com;7;Niteroi7;RJ7
Francisco 8;f8.@gmail.com;8;Niteroi8;RJ8
Francisco 9;f9.@gmail.com;9;Niteroi9;RJ9
Francisco 10;f10.@gmail.com;10;Niteroi10;RJ10
Francisco 11;f11.@gmail.com;11;Niteroi11;RJ11
Francisco 12;f12.@gmail.com;12;Niteroi12;RJ12
Francisco 13;f13.@gmail.com;13;Niteroi13;RJ13
Francisco 14;f14.@gmail.com;14;Niteroi14;RJ14
Francisco 15;f15.@gmail.com;15;Niteroi15;RJ15
Francisco 16;f16.@gmail.com;16;Niteroi16;RJ16
Francisco 17;f17.@gmail.com;17;Niteroi17;RJ17
Francisco 18;f18.@gmail.com;18;Niteroi18;RJ18
Francisco 19;f19.@gmail.com;19;Niteroi19;RJ19
Francisco 20;f20.@gmail.com;20;Niteroi20;RJ20
Francisco 21;f21.@gmail.com;21;Niteroi21;RJ21
Francisco 22;f22.@gmail.com;22;Niteroi22;RJ22
Francisco 23;f23.@gmail.com;23;Niteroi23;RJ23
Francisco 24;f24.@gmail.com;24;Niteroi24;RJ24
Francisco 25;f25.@gmail.com;25;Niteroi25;RJ25
